major,category,years_experience,salary_k,employment_rate,job_growth_pct,job_openings
Artificial Intelligence,Tech,19,156.6,91,47,2900
Artificial Intelligence,Tech,18,165.6,91,47,2900
Artificial Intelligence,Tech,10,126.9,91,47,2900
Artificial Intelligence,Tech,7,131.6,91,47,2900
Artificial Intelligence,Tech,2,119.2,91,47,2900
Artificial Intelligence,Tech,0,122.3,91,47,2900
Artificial Intelligence,Tech,11,145.7,91,47,2900
Artificial Intelligence,Tech,9,137.1,91,47,2900
Artificial Intelligence,Tech,15,153.5,91,47,2900
Artificial Intelligence,Tech,18,161.7,91,47,2900
Artificial Intelligence,Tech,11,166.0,91,47,2900
Artificial Intelligence,Tech,2,126.2,91,47,2900
Artificial Intelligence,Tech,4,118.8,91,47,2900
Artificial Intelligence,Tech,6,136.0,91,47,2900
Artificial Intelligence,Tech,17,155.7,91,47,2900
Artificial Intelligence,Tech,1,128.1,91,47,2900
Artificial Intelligence,Tech,19,171.7,91,47,2900
Artificial Intelligence,Tech,11,136.7,91,47,2900
Artificial Intelligence,Tech,7,142.1,91,47,2900
Artificial Intelligence,Tech,1,110.7,91,47,2900
Artificial Intelligence,Tech,5,133.1,91,47,2900
Artificial Intelligence,Tech,17,149.4,91,47,2900
Artificial Intelligence,Tech,11,151.4,91,47,2900
Artificial Intelligence,Tech,7,136.9,91,47,2900
Artificial Intelligence,Tech,13,142.4,91,47,2900
Artificial Intelligence,Tech,17,147.8,91,47,2900
Artificial Intelligence,Tech,14,149.3,91,47,2900
Artificial Intelligence,Tech,12,156.5,91,47,2900
Artificial Intelligence,Tech,8,131.3,91,47,2900
Artificial Intelligence,Tech,6,128.9,91,47,2900
Artificial Intelligence,Tech,8,132.6,91,47,2900
Artificial Intelligence,Tech,10,147.9,91,47,2900
Artificial Intelligence,Tech,18,171.2,91,47,2900
Artificial Intelligence,Tech,0,125.5,91,47,2900
Artificial Intelligence,Tech,4,129.7,91,47,2900
Artificial Intelligence,Tech,6,137.8,91,47,2900
Artificial Intelligence,Tech,8,125.9,91,47,2900
Artificial Intelligence,Tech,15,164.3,91,47,2900
Artificial Intelligence,Tech,4,134.5,91,47,2900
Artificial Intelligence,Tech,2,133.8,91,47,2900
Artificial Intelligence,Tech,0,120.6,91,47,2900
Artificial Intelligence,Tech,2,122.4,91,47,2900
Artificial Intelligence,Tech,0,110.5,91,47,2900
Artificial Intelligence,Tech,13,156.8,91,47,2900
Artificial Intelligence,Tech,6,131.8,91,47,2900
Artificial Intelligence,Tech,18,155.3,91,47,2900
Artificial Intelligence,Tech,6,154.1,91,47,2900
Artificial Intelligence,Tech,3,117.3,91,47,2900
Artificial Intelligence,Tech,4,123.7,91,47,2900
Artificial Intelligence,Tech,10,131.0,91,47,2900
Artificial Intelligence,Tech,3,126.6,91,47,2900
Artificial Intelligence,Tech,18,167.9,91,47,2900
Artificial Intelligence,Tech,1,108.8,91,47,2900
Artificial Intelligence,Tech,5,137.6,91,47,2900
Artificial Intelligence,Tech,11,156.5,91,47,2900
Artificial Intelligence,Tech,6,134.4,91,47,2900
Artificial Intelligence,Tech,0,124.8,91,47,2900
Artificial Intelligence,Tech,19,155.0,91,47,2900
Artificial Intelligence,Tech,12,126.8,91,47,2900
Artificial Intelligence,Tech,4,130.8,91,47,2900
Artificial Intelligence,Tech,0,115.3,91,47,2900
Artificial Intelligence,Tech,14,146.6,91,47,2900
Artificial Intelligence,Tech,8,132.7,91,47,2900
Artificial Intelligence,Tech,19,164.3,91,47,2900
Artificial Intelligence,Tech,11,145.4,91,47,2900
Artificial Intelligence,Tech,16,144.6,91,47,2900
Artificial Intelligence,Tech,4,128.5,91,47,2900
Artificial Intelligence,Tech,4,147.7,91,47,2900
Artificial Intelligence,Tech,0,129.5,91,47,2900
Artificial Intelligence,Tech,11,154.0,91,47,2900
Artificial Intelligence,Tech,5,136.6,91,47,2900
Artificial Intelligence,Tech,10,133.8,91,47,2900
Artificial Intelligence,Tech,16,151.6,91,47,2900
Artificial Intelligence,Tech,19,176.6,91,47,2900
Artificial Intelligence,Tech,1,125.2,91,47,2900
Artificial Intelligence,Tech,15,173.0,91,47,2900
Artificial Intelligence,Tech,15,151.6,91,47,2900
Artificial Intelligence,Tech,5,137.9,91,47,2900
Artificial Intelligence,Tech,15,156.3,91,47,2900
Artificial Intelligence,Tech,3,121.5,91,47,2900
Artificial Intelligence,Tech,18,170.1,91,47,2900
Artificial Intelligence,Tech,19,170.3,91,47,2900
Artificial Intelligence,Tech,6,137.3,91,47,2900
Artificial Intelligence,Tech,6,125.7,91,47,2900
Artificial Intelligence,Tech,17,164.4,91,47,2900
Artificial Intelligence,Tech,17,167.9,91,47,2900
Artificial Intelligence,Tech,9,147.0,91,47,2900
Artificial Intelligence,Tech,15,145.7,91,47,2900
Artificial Intelligence,Tech,19,152.6,91,47,2900
Artificial Intelligence,Tech,15,157.0,91,47,2900
Artificial Intelligence,Tech,11,153.5,91,47,2900
Artificial Intelligence,Tech,8,139.2,91,47,2900
Artificial Intelligence,Tech,8,148.4,91,47,2900
Artificial Intelligence,Tech,2,116.1,91,47,2900
Artificial Intelligence,Tech,19,167.5,91,47,2900
Artificial Intelligence,Tech,19,168.3,91,47,2900
Artificial Intelligence,Tech,10,149.8,91,47,2900
Artificial Intelligence,Tech,15,169.8,91,47,2900
Artificial Intelligence,Tech,2,121.9,91,47,2900
Artificial Intelligence,Tech,2,107.5,91,47,2900
Artificial Intelligence,Tech,15,155.5,91,47,2900
Artificial Intelligence,Tech,15,152.4,91,47,2900
Artificial Intelligence,Tech,19,176.2,91,47,2900
Artificial Intelligence,Tech,2,117.1,91,47,2900
Artificial Intelligence,Tech,16,161.3,91,47,2900
Artificial Intelligence,Tech,18,147.9,91,47,2900
Artificial Intelligence,Tech,13,153.0,91,47,2900
Artificial Intelligence,Tech,18,163.5,91,47,2900
Artificial Intelligence,Tech,7,145.2,91,47,2900
Artificial Intelligence,Tech,0,122.3,91,47,2900
Artificial Intelligence,Tech,14,141.7,91,47,2900
Artificial Intelligence,Tech,15,155.2,91,47,2900
Artificial Intelligence,Tech,18,174.8,91,47,2900
Artificial Intelligence,Tech,16,161.2,91,47,2900
Artificial Intelligence,Tech,11,143.7,91,47,2900
Artificial Intelligence,Tech,8,143.7,91,47,2900
Artificial Intelligence,Tech,4,127.0,91,47,2900
Artificial Intelligence,Tech,2,128.9,91,47,2900
Artificial Intelligence,Tech,0,116.3,91,47,2900
Artificial Intelligence,Tech,0,114.2,91,47,2900
Artificial Intelligence,Tech,2,124.7,91,47,2900
Artificial Intelligence,Tech,2,113.0,91,47,2900
Artificial Intelligence,Tech,7,126.3,91,47,2900
Artificial Intelligence,Tech,9,151.6,91,47,2900
Artificial Intelligence,Tech,1,127.6,91,47,2900
Artificial Intelligence,Tech,8,134.4,91,47,2900
Artificial Intelligence,Tech,10,146.6,91,47,2900
Artificial Intelligence,Tech,9,154.7,91,47,2900
Artificial Intelligence,Tech,2,128.3,91,47,2900
Artificial Intelligence,Tech,6,121.5,91,47,2900
Artificial Intelligence,Tech,3,130.1,91,47,2900
Artificial Intelligence,Tech,13,159.6,91,47,2900
Artificial Intelligence,Tech,15,156.0,91,47,2900
Artificial Intelligence,Tech,18,159.7,91,47,2900
Artificial Intelligence,Tech,16,150.9,91,47,2900
Artificial Intelligence,Tech,0,115.3,91,47,2900
Artificial Intelligence,Tech,7,129.8,91,47,2900
Artificial Intelligence,Tech,4,133.4,91,47,2900
Artificial Intelligence,Tech,6,152.1,91,47,2900
Artificial Intelligence,Tech,7,150.2,91,47,2900
Artificial Intelligence,Tech,19,155.0,91,47,2900
Artificial Intelligence,Tech,4,112.1,91,47,2900
Artificial Intelligence,Tech,8,135.1,91,47,2900
Artificial Intelligence,Tech,0,119.3,91,47,2900
Artificial Intelligence,Tech,14,155.5,91,47,2900
Artificial Intelligence,Tech,15,142.6,91,47,2900
Artificial Intelligence,Tech,7,137.0,91,47,2900
Artificial Intelligence,Tech,6,137.6,91,47,2900
Artificial Intelligence,Tech,4,117.4,91,47,2900
Artificial Intelligence,Tech,11,160.2,91,47,2900
Artificial Intelligence,Tech,15,150.1,91,47,2900
Artificial Intelligence,Tech,14,150.9,91,47,2900
Artificial Intelligence,Tech,16,163.6,91,47,2900
Artificial Intelligence,Tech,3,130.3,91,47,2900
Artificial Intelligence,Tech,0,134.9,91,47,2900
Artificial Intelligence,Tech,9,136.5,91,47,2900
Artificial Intelligence,Tech,4,125.4,91,47,2900
Artificial Intelligence,Tech,9,144.7,91,47,2900
Artificial Intelligence,Tech,18,172.3,91,47,2900
Artificial Intelligence,Tech,4,128.1,91,47,2900
Artificial Intelligence,Tech,12,146.4,91,47,2900
Artificial Intelligence,Tech,19,166.0,91,47,2900
Artificial Intelligence,Tech,11,158.2,91,47,2900
Artificial Intelligence,Tech,0,108.1,91,47,2900
Artificial Intelligence,Tech,18,166.6,91,47,2900
Artificial Intelligence,Tech,0,127.1,91,47,2900
Artificial Intelligence,Tech,0,108.8,91,47,2900
Artificial Intelligence,Tech,12,152.7,91,47,2900
Artificial Intelligence,Tech,11,147.7,91,47,2900
Artificial Intelligence,Tech,16,153.0,91,47,2900
Artificial Intelligence,Tech,7,147.9,91,47,2900
Artificial Intelligence,Tech,1,112.7,91,47,2900
Artificial Intelligence,Tech,18,158.0,91,47,2900
Artificial Intelligence,Tech,17,157.7,91,47,2900
Artificial Intelligence,Tech,12,151.6,91,47,2900
Artificial Intelligence,Tech,3,124.9,91,47,2900
Artificial Intelligence,Tech,9,153.9,91,47,2900
Artificial Intelligence,Tech,2,108.0,91,47,2900
Artificial Intelligence,Tech,16,153.1,91,47,2900
Artificial Intelligence,Tech,16,161.1,91,47,2900
Artificial Intelligence,Tech,6,141.3,91,47,2900
Artificial Intelligence,Tech,4,129.8,91,47,2900
Computer Science,Tech,16,164.2,88,35,4200
Computer Science,Tech,2,126.9,88,35,4200
Computer Science,Tech,8,140.1,88,35,4200
Computer Science,Tech,19,144.5,88,35,4200
Computer Science,Tech,15,140.1,88,35,4200
Computer Science,Tech,18,153.3,88,35,4200
Computer Science,Tech,16,151.7,88,35,4200
Computer Science,Tech,13,155.4,88,35,4200
Computer Science,Tech,19,177.8,88,35,4200
Computer Science,Tech,4,133.5,88,35,4200
Computer Science,Tech,2,129.0,88,35,4200
Computer Science,Tech,3,139.6,88,35,4200
Computer Science,Tech,15,146.9,88,35,4200
Computer Science,Tech,4,124.9,88,35,4200
Computer Science,Tech,2,117.5,88,35,4200
Computer Science,Tech,17,163.9,88,35,4200
Computer Science,Tech,14,153.3,88,35,4200
Computer Science,Tech,11,138.0,88,35,4200
Computer Science,Tech,16,151.5,88,35,4200
Computer Science,Tech,17,159.1,88,35,4200
Computer Science,Tech,1,126.7,88,35,4200
Computer Science,Tech,6,126.2,88,35,4200
Computer Science,Tech,12,139.7,88,35,4200
Computer Science,Tech,18,170.9,88,35,4200
Computer Science,Tech,11,126.2,88,35,4200
Computer Science,Tech,18,172.6,88,35,4200
Computer Science,Tech,6,117.3,88,35,4200
Computer Science,Tech,17,154.1,88,35,4200
Computer Science,Tech,19,172.7,88,35,4200
Computer Science,Tech,12,151.2,88,35,4200
Computer Science,Tech,16,155.5,88,35,4200
Computer Science,Tech,5,120.7,88,35,4200
Computer Science,Tech,11,142.9,88,35,4200
Computer Science,Tech,14,153.1,88,35,4200
Computer Science,Tech,15,154.3,88,35,4200
Computer Science,Tech,4,125.1,88,35,4200
Computer Science,Tech,3,126.3,88,35,4200
Computer Science,Tech,17,157.9,88,35,4200
Computer Science,Tech,14,161.6,88,35,4200
Computer Science,Tech,0,122.7,88,35,4200
Computer Science,Tech,2,119.1,88,35,4200
Computer Science,Tech,7,140.3,88,35,4200
Computer Science,Tech,3,105.5,88,35,4200
Computer Science,Tech,17,153.3,88,35,4200
Computer Science,Tech,4,127.7,88,35,4200
Computer Science,Tech,0,130.0,88,35,4200
Computer Science,Tech,19,150.4,88,35,4200
Computer Science,Tech,12,150.4,88,35,4200
Computer Science,Tech,13,161.0,88,35,4200
Computer Science,Tech,1,103.7,88,35,4200
Computer Science,Tech,9,146.9,88,35,4200
Computer Science,Tech,14,146.2,88,35,4200
Computer Science,Tech,16,166.0,88,35,4200
Computer Science,Tech,16,149.6,88,35,4200
Computer Science,Tech,12,146.7,88,35,4200
Computer Science,Tech,4,121.1,88,35,4200
Computer Science,Tech,4,125.0,88,35,4200
Computer Science,Tech,4,125.4,88,35,4200
Computer Science,Tech,4,119.8,88,35,4200
Computer Science,Tech,13,158.3,88,35,4200
Computer Science,Tech,8,124.1,88,35,4200
Computer Science,Tech,16,159.3,88,35,4200
Computer Science,Tech,7,120.2,88,35,4200
Computer Science,Tech,7,142.7,88,35,4200
Computer Science,Tech,6,131.9,88,35,4200
Computer Science,Tech,2,136.4,88,35,4200
Computer Science,Tech,17,158.9,88,35,4200
Computer Science,Tech,4,134.2,88,35,4200
Computer Science,Tech,16,160.2,88,35,4200
Computer Science,Tech,1,128.4,88,35,4200
Computer Science,Tech,10,136.5,88,35,4200
Computer Science,Tech,1,114.8,88,35,4200
Computer Science,Tech,5,140.4,88,35,4200
Computer Science,Tech,14,160.2,88,35,4200
Computer Science,Tech,18,157.8,88,35,4200
Computer Science,Tech,5,133.2,88,35,4200
Computer Science,Tech,0,111.1,88,35,4200
Computer Science,Tech,9,148.2,88,35,4200
Computer Science,Tech,18,167.7,88,35,4200
Computer Science,Tech,9,142.7,88,35,4200
Computer Science,Tech,16,141.4,88,35,4200
Computer Science,Tech,4,124.6,88,35,4200
Computer Science,Tech,1,105.3,88,35,4200
Computer Science,Tech,10,149.6,88,35,4200
Computer Science,Tech,10,139.0,88,35,4200
Computer Science,Tech,15,151.9,88,35,4200
Computer Science,Tech,10,142.9,88,35,4200
Computer Science,Tech,7,125.0,88,35,4200
Computer Science,Tech,3,128.5,88,35,4200
Computer Science,Tech,2,117.7,88,35,4200
Computer Science,Tech,17,146.6,88,35,4200
Data Science,Tech,4,126.0,86,31,3800
Data Science,Tech,17,148.0,86,31,3800
Data Science,Tech,5,120.0,86,31,3800
Data Science,Tech,0,94.8,86,31,3800
Data Science,Tech,13,148.6,86,31,3800
Data Science,Tech,1,111.5,86,31,3800
Data Science,Tech,8,125.5,86,31,3800
Data Science,Tech,14,141.4,86,31,3800
Data Science,Tech,10,138.7,86,31,3800
Data Science,Tech,15,148.6,86,31,3800
Data Science,Tech,0,110.2,86,31,3800
Data Science,Tech,7,123.6,86,31,3800
Data Science,Tech,14,151.6,86,31,3800
Data Science,Tech,14,144.8,86,31,3800
Data Science,Tech,13,126.1,86,31,3800
Data Science,Tech,1,121.3,86,31,3800
Data Science,Tech,14,139.1,86,31,3800
Data Science,Tech,13,141.6,86,31,3800
Data Science,Tech,18,164.2,86,31,3800
Data Science,Tech,14,149.3,86,31,3800
Data Science,Tech,9,130.6,86,31,3800
Data Science,Tech,6,118.5,86,31,3800
Data Science,Tech,11,134.3,86,31,3800
Data Science,Tech,16,149.2,86,31,3800
Data Science,Tech,9,117.6,86,31,3800
Data Science,Tech,2,114.6,86,31,3800
Data Science,Tech,3,136.9,86,31,3800
Data Science,Tech,14,150.2,86,31,3800
Data Science,Tech,7,142.7,86,31,3800
Data Science,Tech,16,135.9,86,31,3800
Data Science,Tech,4,130.5,86,31,3800
Data Science,Tech,5,126.3,86,31,3800
Data Science,Tech,12,148.7,86,31,3800
Data Science,Tech,5,113.3,86,31,3800
Data Science,Tech,5,129.0,86,31,3800
Data Science,Tech,5,119.3,86,31,3800
Data Science,Tech,10,133.1,86,31,3800
Data Science,Tech,8,132.4,86,31,3800
Data Science,Tech,7,122.9,86,31,3800
Data Science,Tech,4,125.1,86,31,3800
Data Science,Tech,3,118.8,86,31,3800
Data Science,Tech,14,142.4,86,31,3800
Data Science,Tech,5,130.5,86,31,3800
Data Science,Tech,18,161.5,86,31,3800
Data Science,Tech,10,143.7,86,31,3800
Data Science,Tech,7,139.4,86,31,3800
Data Science,Tech,4,121.3,86,31,3800
Data Science,Tech,5,129.6,86,31,3800
Data Science,Tech,11,133.0,86,31,3800
Data Science,Tech,14,154.9,86,31,3800
Data Science,Tech,5,130.6,86,31,3800
Data Science,Tech,4,128.1,86,31,3800
Data Science,Tech,12,142.1,86,31,3800
Data Science,Tech,10,123.2,86,31,3800
Data Science,Tech,9,144.4,86,31,3800
Data Science,Tech,4,130.1,86,31,3800
Data Science,Tech,0,107.4,86,31,3800
Data Science,Tech,4,141.1,86,31,3800
Data Science,Tech,2,112.2,86,31,3800
Data Science,Tech,16,155.6,86,31,3800
Data Science,Tech,17,159.7,86,31,3800
Data Science,Tech,13,140.4,86,31,3800
Data Science,Tech,0,102.1,86,31,3800
Data Science,Tech,7,134.1,86,31,3800
Data Science,Tech,4,126.0,86,31,3800
Data Science,Tech,13,148.6,86,31,3800
Data Science,Tech,4,125.8,86,31,3800
Data Science,Tech,4,127.2,86,31,3800
Data Science,Tech,3,109.2,86,31,3800
Data Science,Tech,12,155.7,86,31,3800
Data Science,Tech,7,136.1,86,31,3800
Data Science,Tech,6,131.4,86,31,3800
Data Science,Tech,5,126.9,86,31,3800
Data Science,Tech,0,112.1,86,31,3800
Data Science,Tech,16,165.4,86,31,3800
Data Science,Tech,0,117.5,86,31,3800
Data Science,Tech,7,110.8,86,31,3800
Data Science,Tech,7,122.4,86,31,3800
Data Science,Tech,5,126.8,86,31,3800
Data Science,Tech,2,105.2,86,31,3800
Data Science,Tech,19,168.7,86,31,3800
Data Science,Tech,14,146.9,86,31,3800
Data Science,Tech,6,135.4,86,31,3800
Data Science,Tech,3,127.3,86,31,3800
Data Science,Tech,0,117.8,86,31,3800
Data Science,Tech,3,131.6,86,31,3800
Data Science,Tech,9,137.7,86,31,3800
Data Science,Tech,0,112.7,86,31,3800
Data Science,Tech,14,139.4,86,31,3800
Data Science,Tech,3,137.6,86,31,3800
Data Science,Tech,14,139.5,86,31,3800
Data Science,Tech,7,126.1,86,31,3800
Data Science,Tech,11,135.1,86,31,3800
Data Science,Tech,12,149.0,86,31,3800
Data Science,Tech,18,167.8,86,31,3800
Data Science,Tech,3,106.4,86,31,3800
Data Science,Tech,4,124.2,86,31,3800
Data Science,Tech,19,145.3,86,31,3800
Data Science,Tech,14,159.0,86,31,3800
Data Science,Tech,13,150.6,86,31,3800
Software Engineering,Tech,17,154.2,87,28,5100
Software Engineering,Tech,0,110.9,87,28,5100
Software Engineering,Tech,3,123.3,87,28,5100
Software Engineering,Tech,4,121.7,87,28,5100
Software Engineering,Tech,9,136.0,87,28,5100
Software Engineering,Tech,16,165.1,87,28,5100
Software Engineering,Tech,18,165.8,87,28,5100
Software Engineering,Tech,13,134.6,87,28,5100
Software Engineering,Tech,13,141.5,87,28,5100
Software Engineering,Tech,3,117.9,87,28,5100
Software Engineering,Tech,7,136.3,87,28,5100
Software Engineering,Tech,14,140.3,87,28,5100
Software Engineering,Tech,8,128.9,87,28,5100
Software Engineering,Tech,9,124.4,87,28,5100
Software Engineering,Tech,10,121.8,87,28,5100
Software Engineering,Tech,5,112.2,87,28,5100
Software Engineering,Tech,1,102.1,87,28,5100
Software Engineering,Tech,16,146.5,87,28,5100
Software Engineering,Tech,18,155.7,87,28,5100
Software Engineering,Tech,6,133.3,87,28,5100
Software Engineering,Tech,10,129.4,87,28,5100
Software Engineering,Tech,17,144.4,87,28,5100
Software Engineering,Tech,19,161.6,87,28,5100
Software Engineering,Tech,8,127.8,87,28,5100
Software Engineering,Tech,7,118.6,87,28,5100
Software Engineering,Tech,16,141.5,87,28,5100
Software Engineering,Tech,18,146.1,87,28,5100
Software Engineering,Tech,18,151.4,87,28,5100
Software Engineering,Tech,16,133.0,87,28,5100
Software Engineering,Tech,12,148.7,87,28,5100
Software Engineering,Tech,18,151.8,87,28,5100
Software Engineering,Tech,17,160.8,87,28,5100
Software Engineering,Tech,17,144.5,87,28,5100
Software Engineering,Tech,1,100.2,87,28,5100
Software Engineering,Tech,5,144.9,87,28,5100
Software Engineering,Tech,18,152.3,87,28,5100
Software Engineering,Tech,6,122.0,87,28,5100
Software Engineering,Tech,2,103.7,87,28,5100
Software Engineering,Tech,13,136.3,87,28,5100
Software Engineering,Tech,1,109.6,87,28,5100
Software Engineering,Tech,17,151.9,87,28,5100
Software Engineering,Tech,6,124.3,87,28,5100
Software Engineering,Tech,2,115.2,87,28,5100
Software Engineering,Tech,7,128.3,87,28,5100
Software Engineering,Tech,2,114.0,87,28,5100
Software Engineering,Tech,18,145.2,87,28,5100
Software Engineering,Tech,1,118.2,87,28,5100
Software Engineering,Tech,2,121.5,87,28,5100
Software Engineering,Tech,13,135.0,87,28,5100
Software Engineering,Tech,10,132.8,87,28,5100
Software Engineering,Tech,15,139.0,87,28,5100
Software Engineering,Tech,17,155.1,87,28,5100
Software Engineering,Tech,17,142.5,87,28,5100
Software Engineering,Tech,1,114.3,87,28,5100
Software Engineering,Tech,10,141.0,87,28,5100
Software Engineering,Tech,9,128.8,87,28,5100
Software Engineering,Tech,11,146.2,87,28,5100
Software Engineering,Tech,19,147.3,87,28,5100
Software Engineering,Tech,8,144.0,87,28,5100
Software Engineering,Tech,1,109.6,87,28,5100
Software Engineering,Tech,11,141.3,87,28,5100
Software Engineering,Tech,16,149.7,87,28,5100
Software Engineering,Tech,13,151.3,87,28,5100
Software Engineering,Tech,16,168.2,87,28,5100
Software Engineering,Tech,8,107.7,87,28,5100
Software Engineering,Tech,7,121.1,87,28,5100
Software Engineering,Tech,8,143.0,87,28,5100
Software Engineering,Tech,10,126.6,87,28,5100
Software Engineering,Tech,12,138.2,87,28,5100
Software Engineering,Tech,1,99.5,87,28,5100
Software Engineering,Tech,16,154.4,87,28,5100
Software Engineering,Tech,4,128.2,87,28,5100
Software Engineering,Tech,9,136.3,87,28,5100
Software Engineering,Tech,5,115.2,87,28,5100
Software Engineering,Tech,12,146.8,87,28,5100
Software Engineering,Tech,6,134.5,87,28,5100
Software Engineering,Tech,13,144.6,87,28,5100
Software Engineering,Tech,1,116.6,87,28,5100
Software Engineering,Tech,18,149.2,87,28,5100
Software Engineering,Tech,3,115.7,87,28,5100
Software Engineering,Tech,3,127.2,87,28,5100
Software Engineering,Tech,16,156.0,87,28,5100
Software Engineering,Tech,1,124.5,87,28,5100
Software Engineering,Tech,14,131.0,87,28,5100
Software Engineering,Tech,14,144.0,87,28,5100
Software Engineering,Tech,19,159.8,87,28,5100
Software Engineering,Tech,16,147.8,87,28,5100
Software Engineering,Tech,12,143.0,87,28,5100
Software Engineering,Tech,1,104.1,87,28,5100
Software Engineering,Tech,8,131.4,87,28,5100
Software Engineering,Tech,10,132.3,87,28,5100
Software Engineering,Tech,7,115.0,87,28,5100
Software Engineering,Tech,2,111.8,87,28,5100
Software Engineering,Tech,17,157.6,87,28,5100
Software Engineering,Tech,5,130.3,87,28,5100
Software Engineering,Tech,1,110.0,87,28,5100
Software Engineering,Tech,16,144.7,87,28,5100
Software Engineering,Tech,16,149.4,87,28,5100
Software Engineering,Tech,14,150.0,87,28,5100
Software Engineering,Tech,11,146.0,87,28,5100
Software Engineering,Tech,7,128.5,87,28,5100
Software Engineering,Tech,16,160.3,87,28,5100
Software Engineering,Tech,5,131.0,87,28,5100
Software Engineering,Tech,7,126.9,87,28,5100
Software Engineering,Tech,14,131.7,87,28,5100
Software Engineering,Tech,8,133.4,87,28,5100
Software Engineering,Tech,6,126.7,87,28,5100
Software Engineering,Tech,13,145.4,87,28,5100
Software Engineering,Tech,18,150.3,87,28,5100
Software Engineering,Tech,15,145.9,87,28,5100
Software Engineering,Tech,17,144.8,87,28,5100
Software Engineering,Tech,19,153.8,87,28,5100
Software Engineering,Tech,9,139.6,87,28,5100
Software Engineering,Tech,6,125.8,87,28,5100
Software Engineering,Tech,2,111.3,87,28,5100
Software Engineering,Tech,11,129.2,87,28,5100
Software Engineering,Tech,11,147.7,87,28,5100
Software Engineering,Tech,6,128.3,87,28,5100
Software Engineering,Tech,12,124.6,87,28,5100
Software Engineering,Tech,17,131.3,87,28,5100
Software Engineering,Tech,11,143.3,87,28,5100
Software Engineering,Tech,1,118.2,87,28,5100
Software Engineering,Tech,2,115.4,87,28,5100
Software Engineering,Tech,6,145.8,87,28,5100
Software Engineering,Tech,11,132.3,87,28,5100
Software Engineering,Tech,14,138.6,87,28,5100
Software Engineering,Tech,6,123.4,87,28,5100
Software Engineering,Tech,19,150.5,87,28,5100
Software Engineering,Tech,2,121.3,87,28,5100
Software Engineering,Tech,12,129.2,87,28,5100
Software Engineering,Tech,3,110.2,87,28,5100
Software Engineering,Tech,17,137.0,87,28,5100
Software Engineering,Tech,3,107.8,87,28,5100
Software Engineering,Tech,11,142.0,87,28,5100
Software Engineering,Tech,6,112.7,87,28,5100
Software Engineering,Tech,13,149.2,87,28,5100
Software Engineering,Tech,1,114.2,87,28,5100
Software Engineering,Tech,6,126.3,87,28,5100
Software Engineering,Tech,18,158.9,87,28,5100
Software Engineering,Tech,12,136.7,87,28,5100
Software Engineering,Tech,2,114.2,87,28,5100
Software Engineering,Tech,5,126.6,87,28,5100
Software Engineering,Tech,16,159.6,87,28,5100
Software Engineering,Tech,8,127.0,87,28,5100
Software Engineering,Tech,17,143.1,87,28,5100
Software Engineering,Tech,17,145.8,87,28,5100
Software Engineering,Tech,2,118.8,87,28,5100
Software Engineering,Tech,5,133.5,87,28,5100
Software Engineering,Tech,8,135.5,87,28,5100
Software Engineering,Tech,3,110.8,87,28,5100
Software Engineering,Tech,8,131.3,87,28,5100
Software Engineering,Tech,2,113.6,87,28,5100
Software Engineering,Tech,2,100.9,87,28,5100
Software Engineering,Tech,1,114.8,87,28,5100
Software Engineering,Tech,7,130.2,87,28,5100
Software Engineering,Tech,4,112.8,87,28,5100
Software Engineering,Tech,14,152.8,87,28,5100
Software Engineering,Tech,5,129.6,87,28,5100
Software Engineering,Tech,17,144.9,87,28,5100
Software Engineering,Tech,5,129.8,87,28,5100
Software Engineering,Tech,2,115.3,87,28,5100
Software Engineering,Tech,7,133.0,87,28,5100
Software Engineering,Tech,12,154.8,87,28,5100
Software Engineering,Tech,0,111.9,87,28,5100
Software Engineering,Tech,7,129.9,87,28,5100
Software Engineering,Tech,0,107.9,87,28,5100
Software Engineering,Tech,12,137.9,87,28,5100
Software Engineering,Tech,10,137.5,87,28,5100
Software Engineering,Tech,6,120.0,87,28,5100
Software Engineering,Tech,4,117.0,87,28,5100
Software Engineering,Tech,6,118.3,87,28,5100
Software Engineering,Tech,17,155.8,87,28,5100
Software Engineering,Tech,11,140.7,87,28,5100
Software Engineering,Tech,6,130.2,87,28,5100
Software Engineering,Tech,7,112.4,87,28,5100
Software Engineering,Tech,1,117.7,87,28,5100
Software Engineering,Tech,2,132.3,87,28,5100
Software Engineering,Tech,15,149.6,87,28,5100
Software Engineering,Tech,9,129.3,87,28,5100
Software Engineering,Tech,8,129.2,87,28,5100
Software Engineering,Tech,14,147.2,87,28,5100
Software Engineering,Tech,4,116.4,87,28,5100
Software Engineering,Tech,16,151.6,87,28,5100
Electrical Engineering,Engineering,16,129.5,83,12,2100
Electrical Engineering,Engineering,17,154.2,83,12,2100
Electrical Engineering,Engineering,17,162.7,83,12,2100
Electrical Engineering,Engineering,19,145.6,83,12,2100
Electrical Engineering,Engineering,11,130.5,83,12,2100
Electrical Engineering,Engineering,18,132.7,83,12,2100
Electrical Engineering,Engineering,10,124.6,83,12,2100
Electrical Engineering,Engineering,13,151.5,83,12,2100
Electrical Engineering,Engineering,1,96.7,83,12,2100
Electrical Engineering,Engineering,10,127.6,83,12,2100
Electrical Engineering,Engineering,19,155.2,83,12,2100
Electrical Engineering,Engineering,19,156.1,83,12,2100
Electrical Engineering,Engineering,10,127.2,83,12,2100
Electrical Engineering,Engineering,14,129.8,83,12,2100
Electrical Engineering,Engineering,15,138.8,83,12,2100
Electrical Engineering,Engineering,0,116.4,83,12,2100
Electrical Engineering,Engineering,5,110.8,83,12,2100
Electrical Engineering,Engineering,16,138.6,83,12,2100
Electrical Engineering,Engineering,11,122.2,83,12,2100
Electrical Engineering,Engineering,7,142.0,83,12,2100
Electrical Engineering,Engineering,13,135.2,83,12,2100
Electrical Engineering,Engineering,17,137.0,83,12,2100
Electrical Engineering,Engineering,19,155.6,83,12,2100
Electrical Engineering,Engineering,2,106.9,83,12,2100
Electrical Engineering,Engineering,19,150.8,83,12,2100
Electrical Engineering,Engineering,13,148.0,83,12,2100
Electrical Engineering,Engineering,6,122.0,83,12,2100
Electrical Engineering,Engineering,3,105.4,83,12,2100
Electrical Engineering,Engineering,8,123.7,83,12,2100
Electrical Engineering,Engineering,1,95.1,83,12,2100
Electrical Engineering,Engineering,7,117.9,83,12,2100
Electrical Engineering,Engineering,7,106.4,83,12,2100
Electrical Engineering,Engineering,17,139.0,83,12,2100
Electrical Engineering,Engineering,14,152.0,83,12,2100
Electrical Engineering,Engineering,5,124.7,83,12,2100
Electrical Engineering,Engineering,0,95.3,83,12,2100
Electrical Engineering,Engineering,5,118.6,83,12,2100
Electrical Engineering,Engineering,18,152.8,83,12,2100
Electrical Engineering,Engineering,8,124.0,83,12,2100
Electrical Engineering,Engineering,19,142.2,83,12,2100
Electrical Engineering,Engineering,0,102.2,83,12,2100
Electrical Engineering,Engineering,0,104.2,83,12,2100
Electrical Engineering,Engineering,1,114.7,83,12,2100
Electrical Engineering,Engineering,0,104.7,83,12,2100
Electrical Engineering,Engineering,12,132.6,83,12,2100
Electrical Engineering,Engineering,1,100.6,83,12,2100
Electrical Engineering,Engineering,5,130.9,83,12,2100
Electrical Engineering,Engineering,17,151.6,83,12,2100
Electrical Engineering,Engineering,14,135.1,83,12,2100
Electrical Engineering,Engineering,16,140.4,83,12,2100
Electrical Engineering,Engineering,7,132.7,83,12,2100
Electrical Engineering,Engineering,5,123.9,83,12,2100
Electrical Engineering,Engineering,8,138.5,83,12,2100
Electrical Engineering,Engineering,7,124.4,83,12,2100
Electrical Engineering,Engineering,7,128.7,83,12,2100
Electrical Engineering,Engineering,14,144.1,83,12,2100
Electrical Engineering,Engineering,6,124.2,83,12,2100
Electrical Engineering,Engineering,5,132.3,83,12,2100
Electrical Engineering,Engineering,2,122.5,83,12,2100
Electrical Engineering,Engineering,11,127.8,83,12,2100
Electrical Engineering,Engineering,11,123.2,83,12,2100
Electrical Engineering,Engineering,18,144.8,83,12,2100
Electrical Engineering,Engineering,11,145.3,83,12,2100
Electrical Engineering,Engineering,4,117.5,83,12,2100
Electrical Engineering,Engineering,8,117.3,83,12,2100
Electrical Engineering,Engineering,18,148.9,83,12,2100
Electrical Engineering,Engineering,2,105.7,83,12,2100
Electrical Engineering,Engineering,14,127.7,83,12,2100
Electrical Engineering,Engineering,0,101.3,83,12,2100
Electrical Engineering,Engineering,19,154.3,83,12,2100
Electrical Engineering,Engineering,4,104.2,83,12,2100
Electrical Engineering,Engineering,19,139.8,83,12,2100
Electrical Engineering,Engineering,17,148.3,83,12,2100
Electrical Engineering,Engineering,3,119.9,83,12,2100
Electrical Engineering,Engineering,1,115.1,83,12,2100
Electrical Engineering,Engineering,1,106.2,83,12,2100
Electrical Engineering,Engineering,3,98.4,83,12,2100
Electrical Engineering,Engineering,18,144.4,83,12,2100
Electrical Engineering,Engineering,11,126.1,83,12,2100
Electrical Engineering,Engineering,14,120.7,83,12,2100
Electrical Engineering,Engineering,0,107.2,83,12,2100
Electrical Engineering,Engineering,15,136.0,83,12,2100
Electrical Engineering,Engineering,9,129.1,83,12,2100
Electrical Engineering,Engineering,12,131.7,83,12,2100
Electrical Engineering,Engineering,8,128.3,83,12,2100
Electrical Engineering,Engineering,14,136.0,83,12,2100
Electrical Engineering,Engineering,13,118.6,83,12,2100
Electrical Engineering,Engineering,1,108.4,83,12,2100
Electrical Engineering,Engineering,6,116.1,83,12,2100
Electrical Engineering,Engineering,1,97.5,83,12,2100
Electrical Engineering,Engineering,2,98.6,83,12,2100
Mechanical Engineering,Engineering,11,134.8,81,8,2400
Mechanical Engineering,Engineering,3,105.1,81,8,2400
Mechanical Engineering,Engineering,10,126.8,81,8,2400
Mechanical Engineering,Engineering,9,103.7,81,8,2400
Mechanical Engineering,Engineering,8,120.0,81,8,2400
Mechanical Engineering,Engineering,0,115.5,81,8,2400
Mechanical Engineering,Engineering,11,115.4,81,8,2400
Mechanical Engineering,Engineering,0,92.1,81,8,2400
Mechanical Engineering,Engineering,10,112.6,81,8,2400
Mechanical Engineering,Engineering,4,112.0,81,8,2400
Mechanical Engineering,Engineering,16,120.8,81,8,2400
Mechanical Engineering,Engineering,16,134.3,81,8,2400
Mechanical Engineering,Engineering,14,147.3,81,8,2400
Mechanical Engineering,Engineering,14,145.7,81,8,2400
Mechanical Engineering,Engineering,19,164.0,81,8,2400
Mechanical Engineering,Engineering,17,130.6,81,8,2400
Mechanical Engineering,Engineering,4,113.0,81,8,2400
Mechanical Engineering,Engineering,4,109.5,81,8,2400
Mechanical Engineering,Engineering,11,118.3,81,8,2400
Mechanical Engineering,Engineering,9,116.7,81,8,2400
Mechanical Engineering,Engineering,10,103.4,81,8,2400
Mechanical Engineering,Engineering,1,88.1,81,8,2400
Mechanical Engineering,Engineering,10,127.0,81,8,2400
Mechanical Engineering,Engineering,17,143.9,81,8,2400
Mechanical Engineering,Engineering,12,111.3,81,8,2400
Mechanical Engineering,Engineering,19,138.0,81,8,2400
Mechanical Engineering,Engineering,7,120.7,81,8,2400
Mechanical Engineering,Engineering,17,145.3,81,8,2400
Mechanical Engineering,Engineering,5,104.0,81,8,2400
Mechanical Engineering,Engineering,4,107.2,81,8,2400
Mechanical Engineering,Engineering,17,140.3,81,8,2400
Mechanical Engineering,Engineering,16,139.5,81,8,2400
Mechanical Engineering,Engineering,16,139.3,81,8,2400
Mechanical Engineering,Engineering,11,127.1,81,8,2400
Mechanical Engineering,Engineering,3,103.4,81,8,2400
Mechanical Engineering,Engineering,0,102.9,81,8,2400
Mechanical Engineering,Engineering,13,131.6,81,8,2400
Mechanical Engineering,Engineering,15,129.3,81,8,2400
Mechanical Engineering,Engineering,1,102.9,81,8,2400
Mechanical Engineering,Engineering,17,127.6,81,8,2400
Mechanical Engineering,Engineering,0,105.4,81,8,2400
Mechanical Engineering,Engineering,8,115.9,81,8,2400
Mechanical Engineering,Engineering,10,118.9,81,8,2400
Mechanical Engineering,Engineering,3,115.3,81,8,2400
Mechanical Engineering,Engineering,3,111.1,81,8,2400
Mechanical Engineering,Engineering,5,117.7,81,8,2400
Mechanical Engineering,Engineering,12,126.9,81,8,2400
Mechanical Engineering,Engineering,8,124.3,81,8,2400
Mechanical Engineering,Engineering,0,94.9,81,8,2400
Mechanical Engineering,Engineering,6,102.8,81,8,2400
Mechanical Engineering,Engineering,18,129.9,81,8,2400
Mechanical Engineering,Engineering,0,92.9,81,8,2400
Mechanical Engineering,Engineering,11,114.9,81,8,2400
Mechanical Engineering,Engineering,5,111.9,81,8,2400
Mechanical Engineering,Engineering,13,124.9,81,8,2400
Mechanical Engineering,Engineering,13,125.0,81,8,2400
Mechanical Engineering,Engineering,2,121.0,81,8,2400
Mechanical Engineering,Engineering,7,95.5,81,8,2400
Mechanical Engineering,Engineering,11,143.8,81,8,2400
Mechanical Engineering,Engineering,4,119.6,81,8,2400
Mechanical Engineering,Engineering,11,110.9,81,8,2400
Mechanical Engineering,Engineering,3,116.6,81,8,2400
Mechanical Engineering,Engineering,5,115.0,81,8,2400
Mechanical Engineering,Engineering,13,128.5,81,8,2400
Mechanical Engineering,Engineering,10,126.1,81,8,2400
Mechanical Engineering,Engineering,18,137.0,81,8,2400
Mechanical Engineering,Engineering,3,103.3,81,8,2400
Mechanical Engineering,Engineering,15,151.9,81,8,2400
Mechanical Engineering,Engineering,14,135.2,81,8,2400
Mechanical Engineering,Engineering,2,96.4,81,8,2400
Mechanical Engineering,Engineering,17,141.8,81,8,2400
Mechanical Engineering,Engineering,1,95.7,81,8,2400
Mechanical Engineering,Engineering,10,110.3,81,8,2400
Mechanical Engineering,Engineering,6,105.2,81,8,2400
Mechanical Engineering,Engineering,12,132.4,81,8,2400
Mechanical Engineering,Engineering,6,120.6,81,8,2400
Mechanical Engineering,Engineering,9,115.2,81,8,2400
Mechanical Engineering,Engineering,3,98.9,81,8,2400
Mechanical Engineering,Engineering,0,96.8,81,8,2400
Mechanical Engineering,Engineering,11,126.5,81,8,2400
Mechanical Engineering,Engineering,12,124.6,81,8,2400
Mechanical Engineering,Engineering,8,122.6,81,8,2400
Mechanical Engineering,Engineering,9,129.8,81,8,2400
Mechanical Engineering,Engineering,7,118.0,81,8,2400
Mechanical Engineering,Engineering,4,120.1,81,8,2400
Mechanical Engineering,Engineering,3,111.9,81,8,2400
Mechanical Engineering,Engineering,6,108.5,81,8,2400
Mechanical Engineering,Engineering,9,125.2,81,8,2400
Mechanical Engineering,Engineering,9,125.9,81,8,2400
Mechanical Engineering,Engineering,0,88.9,81,8,2400
Mechanical Engineering,Engineering,16,136.0,81,8,2400
Mechanical Engineering,Engineering,2,102.4,81,8,2400
Mechanical Engineering,Engineering,16,146.7,81,8,2400
Mechanical Engineering,Engineering,15,127.0,81,8,2400
Mechanical Engineering,Engineering,6,107.1,81,8,2400
Mechanical Engineering,Engineering,10,118.5,81,8,2400
Mechanical Engineering,Engineering,1,89.5,81,8,2400
Mechanical Engineering,Engineering,2,116.4,81,8,2400
Mechanical Engineering,Engineering,9,127.9,81,8,2400
Mechanical Engineering,Engineering,6,121.3,81,8,2400
Mechanical Engineering,Engineering,3,101.3,81,8,2400
Mechanical Engineering,Engineering,5,97.5,81,8,2400
Mechanical Engineering,Engineering,13,135.0,81,8,2400
Mechanical Engineering,Engineering,3,100.8,81,8,2400
Mechanical Engineering,Engineering,5,102.4,81,8,2400
Mechanical Engineering,Engineering,8,109.8,81,8,2400
Mechanical Engineering,Engineering,1,117.1,81,8,2400
Mechanical Engineering,Engineering,4,109.6,81,8,2400
Mechanical Engineering,Engineering,7,110.7,81,8,2400
Mechanical Engineering,Engineering,5,124.0,81,8,2400
Mechanical Engineering,Engineering,11,132.5,81,8,2400
Mechanical Engineering,Engineering,2,91.0,81,8,2400
Mechanical Engineering,Engineering,2,92.4,81,8,2400
Mechanical Engineering,Engineering,1,84.9,81,8,2400
Mechanical Engineering,Engineering,11,120.5,81,8,2400
Mechanical Engineering,Engineering,3,106.4,81,8,2400
Mechanical Engineering,Engineering,14,136.0,81,8,2400
Mechanical Engineering,Engineering,15,123.1,81,8,2400
Mechanical Engineering,Engineering,15,120.9,81,8,2400
Nursing,Healthcare,16,103.3,94,15,5100
Nursing,Healthcare,18,123.0,94,15,5100
Nursing,Healthcare,7,93.5,94,15,5100
Nursing,Healthcare,19,135.8,94,15,5100
Nursing,Healthcare,5,101.0,94,15,5100
Nursing,Healthcare,0,76.5,94,15,5100
Nursing,Healthcare,15,109.6,94,15,5100
Nursing,Healthcare,13,114.7,94,15,5100
Nursing,Healthcare,3,80.9,94,15,5100
Nursing,Healthcare,1,77.4,94,15,5100
Nursing,Healthcare,8,87.3,94,15,5100
Nursing,Healthcare,19,133.6,94,15,5100
Nursing,Healthcare,3,92.4,94,15,5100
Nursing,Healthcare,4,103.2,94,15,5100
Nursing,Healthcare,19,130.2,94,15,5100
Nursing,Healthcare,2,86.2,94,15,5100
Nursing,Healthcare,9,106.6,94,15,5100
Nursing,Healthcare,15,122.1,94,15,5100
Nursing,Healthcare,6,92.9,94,15,5100
Nursing,Healthcare,2,85.1,94,15,5100
Nursing,Healthcare,1,81.0,94,15,5100
Nursing,Healthcare,13,110.1,94,15,5100
Nursing,Healthcare,19,135.2,94,15,5100
Nursing,Healthcare,1,85.5,94,15,5100
Nursing,Healthcare,0,81.8,94,15,5100
Nursing,Healthcare,13,121.0,94,15,5100
Nursing,Healthcare,15,114.3,94,15,5100
Nursing,Healthcare,2,91.2,94,15,5100
Nursing,Healthcare,2,78.5,94,15,5100
Nursing,Healthcare,1,82.1,94,15,5100
Nursing,Healthcare,7,107.1,94,15,5100
Nursing,Healthcare,14,89.9,94,15,5100
Nursing,Healthcare,3,91.4,94,15,5100
Nursing,Healthcare,13,106.7,94,15,5100
Nursing,Healthcare,19,122.0,94,15,5100
Nursing,Healthcare,5,93.3,94,15,5100
Nursing,Healthcare,10,119.2,94,15,5100
Nursing,Healthcare,18,136.8,94,15,5100
Nursing,Healthcare,18,116.4,94,15,5100
Nursing,Healthcare,1,86.7,94,15,5100
Nursing,Healthcare,10,112.2,94,15,5100
Nursing,Healthcare,14,128.0,94,15,5100
Nursing,Healthcare,8,92.2,94,15,5100
Nursing,Healthcare,8,99.9,94,15,5100
Nursing,Healthcare,13,116.9,94,15,5100
Nursing,Healthcare,0,77.0,94,15,5100
Nursing,Healthcare,3,79.3,94,15,5100
Nursing,Healthcare,4,97.0,94,15,5100
Nursing,Healthcare,6,92.3,94,15,5100
Nursing,Healthcare,3,85.4,94,15,5100
Nursing,Healthcare,5,86.1,94,15,5100
Nursing,Healthcare,19,127.8,94,15,5100
Nursing,Healthcare,2,77.6,94,15,5100
Nursing,Healthcare,13,100.1,94,15,5100
Nursing,Healthcare,6,104.0,94,15,5100
Nursing,Healthcare,1,90.6,94,15,5100
Nursing,Healthcare,5,101.4,94,15,5100
Nursing,Healthcare,6,90.6,94,15,5100
Nursing,Healthcare,4,84.0,94,15,5100
Nursing,Healthcare,10,106.8,94,15,5100
Nursing,Healthcare,19,124.0,94,15,5100
Nursing,Healthcare,3,85.8,94,15,5100
Nursing,Healthcare,1,93.8,94,15,5100
Nursing,Healthcare,7,92.6,94,15,5100
Nursing,Healthcare,2,76.0,94,15,5100
Nursing,Healthcare,5,81.6,94,15,5100
Nursing,Healthcare,9,106.8,94,15,5100
Nursing,Healthcare,8,103.7,94,15,5100
Nursing,Healthcare,16,125.7,94,15,5100
Nursing,Healthcare,1,85.8,94,15,5100
Nursing,Healthcare,15,124.9,94,15,5100
Nursing,Healthcare,7,95.6,94,15,5100
Nursing,Healthcare,10,87.5,94,15,5100
Nursing,Healthcare,7,98.7,94,15,5100
Nursing,Healthcare,16,116.9,94,15,5100
Nursing,Healthcare,12,113.3,94,15,5100
Nursing,Healthcare,18,122.2,94,15,5100
Nursing,Healthcare,7,98.9,94,15,5100
Nursing,Healthcare,10,115.7,94,15,5100
Nursing,Healthcare,2,91.6,94,15,5100
Nursing,Healthcare,16,111.2,94,15,5100
Nursing,Healthcare,10,99.2,94,15,5100
Nursing,Healthcare,19,134.9,94,15,5100
Nursing,Healthcare,18,136.3,94,15,5100
Nursing,Healthcare,10,117.0,94,15,5100
Nursing,Healthcare,7,81.9,94,15,5100
Nursing,Healthcare,9,109.4,94,15,5100
Nursing,Healthcare,1,95.0,94,15,5100
Nursing,Healthcare,14,114.4,94,15,5100
Nursing,Healthcare,3,87.5,94,15,5100
Nursing,Healthcare,13,122.2,94,15,5100
Medicine (Pre-Med),Healthcare,3,99.1,88,10,3200
Medicine (Pre-Med),Healthcare,11,111.4,88,10,3200
Medicine (Pre-Med),Healthcare,12,121.5,88,10,3200
Medicine (Pre-Med),Healthcare,15,133.8,88,10,3200
Medicine (Pre-Med),Healthcare,10,125.6,88,10,3200
Medicine (Pre-Med),Healthcare,9,119.0,88,10,3200
Medicine (Pre-Med),Healthcare,8,110.3,88,10,3200
Medicine (Pre-Med),Healthcare,7,95.6,88,10,3200
Medicine (Pre-Med),Healthcare,17,118.9,88,10,3200
Medicine (Pre-Med),Healthcare,19,135.6,88,10,3200
Medicine (Pre-Med),Healthcare,18,134.3,88,10,3200
Medicine (Pre-Med),Healthcare,13,114.8,88,10,3200
Medicine (Pre-Med),Healthcare,6,116.1,88,10,3200
Medicine (Pre-Med),Healthcare,16,134.4,88,10,3200
Medicine (Pre-Med),Healthcare,12,108.7,88,10,3200
Medicine (Pre-Med),Healthcare,7,112.5,88,10,3200
Medicine (Pre-Med),Healthcare,11,132.3,88,10,3200
Medicine (Pre-Med),Healthcare,10,126.0,88,10,3200
Medicine (Pre-Med),Healthcare,12,115.6,88,10,3200
Medicine (Pre-Med),Healthcare,17,137.1,88,10,3200
Medicine (Pre-Med),Healthcare,19,134.0,88,10,3200
Medicine (Pre-Med),Healthcare,17,134.7,88,10,3200
Medicine (Pre-Med),Healthcare,11,107.6,88,10,3200
Medicine (Pre-Med),Healthcare,12,133.8,88,10,3200
Medicine (Pre-Med),Healthcare,0,88.0,88,10,3200
Medicine (Pre-Med),Healthcare,2,101.5,88,10,3200
Medicine (Pre-Med),Healthcare,6,92.9,88,10,3200
Medicine (Pre-Med),Healthcare,11,129.8,88,10,3200
Medicine (Pre-Med),Healthcare,14,132.4,88,10,3200
Medicine (Pre-Med),Healthcare,7,107.5,88,10,3200
Medicine (Pre-Med),Healthcare,0,91.8,88,10,3200
Medicine (Pre-Med),Healthcare,11,117.8,88,10,3200
Medicine (Pre-Med),Healthcare,9,107.7,88,10,3200
Medicine (Pre-Med),Healthcare,1,96.6,88,10,3200
Medicine (Pre-Med),Healthcare,13,113.3,88,10,3200
Medicine (Pre-Med),Healthcare,6,119.4,88,10,3200
Medicine (Pre-Med),Healthcare,15,137.1,88,10,3200
Medicine (Pre-Med),Healthcare,12,135.1,88,10,3200
Medicine (Pre-Med),Healthcare,9,135.5,88,10,3200
Medicine (Pre-Med),Healthcare,11,113.2,88,10,3200
Medicine (Pre-Med),Healthcare,1,99.7,88,10,3200
Medicine (Pre-Med),Healthcare,19,132.4,88,10,3200
Medicine (Pre-Med),Healthcare,5,101.0,88,10,3200
Medicine (Pre-Med),Healthcare,18,150.8,88,10,3200
Medicine (Pre-Med),Healthcare,2,93.8,88,10,3200
Medicine (Pre-Med),Healthcare,4,98.8,88,10,3200
Medicine (Pre-Med),Healthcare,12,118.7,88,10,3200
Medicine (Pre-Med),Healthcare,19,147.3,88,10,3200
Medicine (Pre-Med),Healthcare,13,122.5,88,10,3200
Medicine (Pre-Med),Healthcare,2,98.0,88,10,3200
Medicine (Pre-Med),Healthcare,19,134.0,88,10,3200
Medicine (Pre-Med),Healthcare,3,99.3,88,10,3200
Medicine (Pre-Med),Healthcare,17,129.2,88,10,3200
Medicine (Pre-Med),Healthcare,18,143.2,88,10,3200
Medicine (Pre-Med),Healthcare,16,127.6,88,10,3200
Medicine (Pre-Med),Healthcare,13,128.1,88,10,3200
Medicine (Pre-Med),Healthcare,11,113.0,88,10,3200
Medicine (Pre-Med),Healthcare,5,108.9,88,10,3200
Medicine (Pre-Med),Healthcare,18,133.0,88,10,3200
Medicine (Pre-Med),Healthcare,15,122.3,88,10,3200
Medicine (Pre-Med),Healthcare,16,129.6,88,10,3200
Medicine (Pre-Med),Healthcare,0,91.3,88,10,3200
Medicine (Pre-Med),Healthcare,14,126.0,88,10,3200
Medicine (Pre-Med),Healthcare,10,109.7,88,10,3200
Medicine (Pre-Med),Healthcare,0,100.5,88,10,3200
Medicine (Pre-Med),Healthcare,16,131.5,88,10,3200
Medicine (Pre-Med),Healthcare,14,145.2,88,10,3200
Medicine (Pre-Med),Healthcare,14,136.2,88,10,3200
Medicine (Pre-Med),Healthcare,10,114.6,88,10,3200
Medicine (Pre-Med),Healthcare,6,122.1,88,10,3200
Medicine (Pre-Med),Healthcare,19,151.8,88,10,3200
Medicine (Pre-Med),Healthcare,9,115.6,88,10,3200
Medicine (Pre-Med),Healthcare,12,107.9,88,10,3200
Medicine (Pre-Med),Healthcare,18,145.3,88,10,3200
Medicine (Pre-Med),Healthcare,4,100.4,88,10,3200
Medicine (Pre-Med),Healthcare,19,138.0,88,10,3200
Medicine (Pre-Med),Healthcare,4,113.1,88,10,3200
Medicine (Pre-Med),Healthcare,3,99.3,88,10,3200
Medicine (Pre-Med),Healthcare,0,106.2,88,10,3200
Medicine (Pre-Med),Healthcare,3,94.7,88,10,3200
Medicine (Pre-Med),Healthcare,11,123.3,88,10,3200
Medicine (Pre-Med),Healthcare,19,142.3,88,10,3200
Medicine (Pre-Med),Healthcare,11,120.5,88,10,3200
Medicine (Pre-Med),Healthcare,9,106.7,88,10,3200
Medicine (Pre-Med),Healthcare,2,89.9,88,10,3200
Medicine (Pre-Med),Healthcare,13,117.8,88,10,3200
Medicine (Pre-Med),Healthcare,9,107.1,88,10,3200
Medicine (Pre-Med),Healthcare,12,116.3,88,10,3200
Medicine (Pre-Med),Healthcare,3,95.6,88,10,3200
MBA,Business,10,119.8,81,14,2700
MBA,Business,0,85.0,81,14,2700
MBA,Business,6,107.8,81,14,2700
MBA,Business,10,117.1,81,14,2700
MBA,Business,19,150.8,81,14,2700
MBA,Business,13,123.5,81,14,2700
MBA,Business,4,95.1,81,14,2700
MBA,Business,16,138.5,81,14,2700
MBA,Business,18,141.5,81,14,2700
MBA,Business,11,120.4,81,14,2700
MBA,Business,8,107.4,81,14,2700
MBA,Business,0,92.7,81,14,2700
MBA,Business,16,142.1,81,14,2700
MBA,Business,6,90.7,81,14,2700
MBA,Business,16,127.4,81,14,2700
MBA,Business,5,107.2,81,14,2700
MBA,Business,1,86.4,81,14,2700
MBA,Business,1,96.0,81,14,2700
MBA,Business,15,129.9,81,14,2700
MBA,Business,15,130.4,81,14,2700
MBA,Business,15,144.6,81,14,2700
MBA,Business,11,119.4,81,14,2700
MBA,Business,14,140.2,81,14,2700
MBA,Business,9,117.0,81,14,2700
MBA,Business,2,93.8,81,14,2700
MBA,Business,19,135.1,81,14,2700
MBA,Business,3,102.5,81,14,2700
MBA,Business,7,124.5,81,14,2700
MBA,Business,14,126.7,81,14,2700
MBA,Business,16,121.5,81,14,2700
MBA,Business,1,96.0,81,14,2700
MBA,Business,7,105.6,81,14,2700
MBA,Business,11,120.1,81,14,2700
MBA,Business,5,132.0,81,14,2700
MBA,Business,6,117.3,81,14,2700
MBA,Business,17,140.5,81,14,2700
MBA,Business,10,119.9,81,14,2700
MBA,Business,8,102.5,81,14,2700
MBA,Business,3,94.0,81,14,2700
MBA,Business,8,105.0,81,14,2700
MBA,Business,14,106.9,81,14,2700
MBA,Business,5,115.0,81,14,2700
MBA,Business,11,124.5,81,14,2700
MBA,Business,12,115.1,81,14,2700
MBA,Business,2,119.3,81,14,2700
MBA,Business,7,113.0,81,14,2700
MBA,Business,4,110.3,81,14,2700
MBA,Business,4,108.5,81,14,2700
MBA,Business,3,94.6,81,14,2700
MBA,Business,0,103.1,81,14,2700
MBA,Business,12,115.5,81,14,2700
MBA,Business,5,109.9,81,14,2700
MBA,Business,4,113.5,81,14,2700
MBA,Business,19,162.2,81,14,2700
MBA,Business,1,92.3,81,14,2700
MBA,Business,2,88.9,81,14,2700
MBA,Business,8,115.3,81,14,2700
MBA,Business,18,149.5,81,14,2700
MBA,Business,11,110.9,81,14,2700
MBA,Business,1,105.2,81,14,2700
MBA,Business,2,99.6,81,14,2700
MBA,Business,15,139.8,81,14,2700
MBA,Business,0,89.5,81,14,2700
MBA,Business,8,110.7,81,14,2700
MBA,Business,18,151.9,81,14,2700
MBA,Business,15,128.9,81,14,2700
MBA,Business,16,133.2,81,14,2700
MBA,Business,14,138.8,81,14,2700
MBA,Business,2,96.5,81,14,2700
MBA,Business,14,123.6,81,14,2700
MBA,Business,6,112.8,81,14,2700
MBA,Business,0,85.9,81,14,2700
MBA,Business,7,118.4,81,14,2700
MBA,Business,14,126.0,81,14,2700
MBA,Business,5,101.7,81,14,2700
MBA,Business,13,125.0,81,14,2700
MBA,Business,19,147.3,81,14,2700
MBA,Business,12,129.3,81,14,2700
MBA,Business,14,132.3,81,14,2700
MBA,Business,1,94.6,81,14,2700
MBA,Business,13,135.4,81,14,2700
MBA,Business,7,110.5,81,14,2700
MBA,Business,2,109.5,81,14,2700
MBA,Business,19,138.5,81,14,2700
MBA,Business,16,132.2,81,14,2700
MBA,Business,15,134.9,81,14,2700
MBA,Business,18,145.7,81,14,2700
MBA,Business,12,128.0,81,14,2700
MBA,Business,6,117.0,81,14,2700
MBA,Business,18,155.5,81,14,2700
MBA,Business,14,117.2,81,14,2700
MBA,Business,3,99.4,81,14,2700
MBA,Business,7,97.9,81,14,2700
MBA,Business,13,130.7,81,14,2700
MBA,Business,10,124.2,81,14,2700
MBA,Business,3,113.7,81,14,2700
MBA,Business,7,108.6,81,14,2700
MBA,Business,8,120.4,81,14,2700
MBA,Business,15,137.4,81,14,2700
MBA,Business,11,116.3,81,14,2700
MBA,Business,2,105.8,81,14,2700
MBA,Business,4,98.5,81,14,2700
MBA,Business,15,134.3,81,14,2700
MBA,Business,0,103.3,81,14,2700
MBA,Business,8,116.1,81,14,2700
MBA,Business,16,139.1,81,14,2700
MBA,Business,1,98.0,81,14,2700
MBA,Business,12,132.0,81,14,2700
MBA,Business,14,120.0,81,14,2700
MBA,Business,18,138.1,81,14,2700
MBA,Business,19,158.3,81,14,2700
MBA,Business,18,130.1,81,14,2700
MBA,Business,5,119.6,81,14,2700
MBA,Business,3,107.4,81,14,2700
MBA,Business,6,106.1,81,14,2700
MBA,Business,11,117.5,81,14,2700
MBA,Business,12,122.3,81,14,2700
MBA,Business,8,100.0,81,14,2700
MBA,Business,0,89.0,81,14,2700
MBA,Business,17,124.1,81,14,2700
MBA,Business,16,134.8,81,14,2700
MBA,Business,7,107.7,81,14,2700
MBA,Business,18,137.2,81,14,2700
MBA,Business,7,95.0,81,14,2700
MBA,Business,13,114.5,81,14,2700
MBA,Business,16,140.1,81,14,2700
MBA,Business,12,133.3,81,14,2700
MBA,Business,16,135.0,81,14,2700
MBA,Business,7,120.2,81,14,2700
MBA,Business,16,129.4,81,14,2700
MBA,Business,9,119.5,81,14,2700
MBA,Business,8,112.6,81,14,2700
MBA,Business,4,110.8,81,14,2700
MBA,Business,18,134.4,81,14,2700
MBA,Business,6,105.5,81,14,2700
Finance,Business,10,103.6,77,3,3300
Finance,Business,13,104.8,77,3,3300
Finance,Business,11,93.4,77,3,3300
Finance,Business,18,129.7,77,3,3300
Finance,Business,12,106.5,77,3,3300
Finance,Business,11,95.9,77,3,3300
Finance,Business,6,101.2,77,3,3300
Finance,Business,4,89.2,77,3,3300
Finance,Business,17,115.6,77,3,3300
Finance,Business,17,118.4,77,3,3300
Finance,Business,3,78.4,77,3,3300
Finance,Business,17,122.0,77,3,3300
Finance,Business,7,89.0,77,3,3300
Finance,Business,19,123.9,77,3,3300
Finance,Business,18,129.9,77,3,3300
Finance,Business,14,108.8,77,3,3300
Finance,Business,8,110.0,77,3,3300
Finance,Business,9,109.9,77,3,3300
Finance,Business,9,86.6,77,3,3300
Finance,Business,13,116.2,77,3,3300
Finance,Business,6,94.9,77,3,3300
Finance,Business,2,78.1,77,3,3300
Finance,Business,1,83.4,77,3,3300
Finance,Business,5,95.0,77,3,3300
Finance,Business,11,112.8,77,3,3300
Finance,Business,2,76.3,77,3,3300
Finance,Business,14,112.2,77,3,3300
Finance,Business,4,89.3,77,3,3300
Finance,Business,5,82.3,77,3,3300
Finance,Business,10,117.7,77,3,3300
Finance,Business,8,92.0,77,3,3300
Finance,Business,5,88.4,77,3,3300
Finance,Business,1,92.0,77,3,3300
Finance,Business,2,100.5,77,3,3300
Finance,Business,8,87.0,77,3,3300
Finance,Business,7,93.3,77,3,3300
Finance,Business,0,77.4,77,3,3300
Finance,Business,6,82.9,77,3,3300
Finance,Business,6,93.4,77,3,3300
Finance,Business,3,84.3,77,3,3300
Finance,Business,9,103.9,77,3,3300
Finance,Business,17,109.2,77,3,3300
Finance,Business,10,112.7,77,3,3300
Finance,Business,16,127.8,77,3,3300
Finance,Business,11,106.4,77,3,3300
Finance,Business,5,105.6,77,3,3300
Finance,Business,12,104.3,77,3,3300
Finance,Business,17,116.7,77,3,3300
Finance,Business,2,82.9,77,3,3300
Finance,Business,10,88.9,77,3,3300
Finance,Business,5,78.9,77,3,3300
Finance,Business,14,104.2,77,3,3300
Finance,Business,4,87.7,77,3,3300
Finance,Business,9,96.7,77,3,3300
Finance,Business,5,72.2,77,3,3300
Finance,Business,3,85.6,77,3,3300
Finance,Business,12,109.2,77,3,3300
Finance,Business,14,112.9,77,3,3300
Finance,Business,12,111.2,77,3,3300
Finance,Business,1,76.4,77,3,3300
Finance,Business,18,117.6,77,3,3300
Finance,Business,2,74.5,77,3,3300
Finance,Business,18,116.0,77,3,3300
Finance,Business,16,134.3,77,3,3300
Finance,Business,11,106.2,77,3,3300
Finance,Business,10,87.2,77,3,3300
Finance,Business,2,89.0,77,3,3300
Finance,Business,12,106.4,77,3,3300
Finance,Business,18,141.7,77,3,3300
Finance,Business,16,110.8,77,3,3300
Finance,Business,18,131.5,77,3,3300
Finance,Business,4,82.4,77,3,3300
Finance,Business,4,91.6,77,3,3300
Finance,Business,16,122.2,77,3,3300
Finance,Business,1,82.7,77,3,3300
Finance,Business,10,98.2,77,3,3300
Finance,Business,10,86.2,77,3,3300
Finance,Business,6,95.2,77,3,3300
Finance,Business,19,122.8,77,3,3300
Finance,Business,8,97.0,77,3,3300
Finance,Business,15,106.1,77,3,3300
Finance,Business,11,114.5,77,3,3300
Finance,Business,3,85.1,77,3,3300
Finance,Business,5,111.9,77,3,3300
Finance,Business,14,120.7,77,3,3300
Finance,Business,10,101.2,77,3,3300
Finance,Business,16,123.4,77,3,3300
Finance,Business,18,122.1,77,3,3300
Finance,Business,18,130.6,77,3,3300
Finance,Business,14,116.3,77,3,3300
Finance,Business,12,119.9,77,3,3300
Finance,Business,2,81.4,77,3,3300
Finance,Business,19,124.3,77,3,3300
Finance,Business,12,117.3,77,3,3300
Finance,Business,7,93.9,77,3,3300
Finance,Business,18,114.2,77,3,3300
Finance,Business,4,81.2,77,3,3300
Finance,Business,12,115.1,77,3,3300
Finance,Business,10,109.3,77,3,3300
Finance,Business,2,76.8,77,3,3300
Finance,Business,15,118.8,77,3,3300
Finance,Business,11,100.5,77,3,3300
Finance,Business,14,119.9,77,3,3300
Finance,Business,2,78.7,77,3,3300
Finance,Business,6,99.9,77,3,3300
Finance,Business,2,88.8,77,3,3300
Finance,Business,0,82.1,77,3,3300
Finance,Business,14,116.4,77,3,3300
Finance,Business,4,83.2,77,3,3300
Finance,Business,8,102.7,77,3,3300
Finance,Business,1,84.1,77,3,3300
Finance,Business,7,107.8,77,3,3300
Finance,Business,13,104.9,77,3,3300
Finance,Business,3,80.1,77,3,3300
Finance,Business,2,81.8,77,3,3300
Finance,Business,7,96.4,77,3,3300
Finance,Business,12,106.9,77,3,3300
Finance,Business,1,83.6,77,3,3300
Finance,Business,16,124.3,77,3,3300
Finance,Business,1,85.8,77,3,3300
Finance,Business,1,88.0,77,3,3300
Finance,Business,1,88.4,77,3,3300
Finance,Business,1,90.4,77,3,3300
Finance,Business,6,80.3,77,3,3300
Finance,Business,6,86.9,77,3,3300
Finance,Business,6,98.1,77,3,3300
Finance,Business,12,98.1,77,3,3300
Finance,Business,18,133.9,77,3,3300
Finance,Business,16,107.5,77,3,3300
Finance,Business,9,114.9,77,3,3300
Finance,Business,19,135.4,77,3,3300
Finance,Business,19,116.7,77,3,3300
Finance,Business,13,116.8,77,3,3300
Finance,Business,19,116.8,77,3,3300
Finance,Business,3,77.4,77,3,3300
Finance,Business,12,109.8,77,3,3300
Finance,Business,11,108.9,77,3,3300
Finance,Business,13,102.8,77,3,3300
Finance,Business,16,125.5,77,3,3300
Finance,Business,14,118.7,77,3,3300
Finance,Business,5,97.9,77,3,3300
Finance,Business,16,111.1,77,3,3300
Finance,Business,10,112.0,77,3,3300
Psychology,Arts & Humanities,10,78.8,66,-2,900
Psychology,Arts & Humanities,11,71.6,66,-2,900
Psychology,Arts & Humanities,3,57.6,66,-2,900
Psychology,Arts & Humanities,12,79.5,66,-2,900
Psychology,Arts & Humanities,18,91.2,66,-2,900
Psychology,Arts & Humanities,11,81.5,66,-2,900
Psychology,Arts & Humanities,18,95.1,66,-2,900
Psychology,Arts & Humanities,0,43.3,66,-2,900
Psychology,Arts & Humanities,9,67.2,66,-2,900
Psychology,Arts & Humanities,10,68.1,66,-2,900
Psychology,Arts & Humanities,12,73.4,66,-2,900
Psychology,Arts & Humanities,10,66.4,66,-2,900
Psychology,Arts & Humanities,16,91.2,66,-2,900
Psychology,Arts & Humanities,8,69.3,66,-2,900
Psychology,Arts & Humanities,19,100.4,66,-2,900
Psychology,Arts & Humanities,9,80.1,66,-2,900
Psychology,Arts & Humanities,16,91.3,66,-2,900
Psychology,Arts & Humanities,8,67.0,66,-2,900
Psychology,Arts & Humanities,2,41.5,66,-2,900
Psychology,Arts & Humanities,13,78.8,66,-2,900
Psychology,Arts & Humanities,2,48.9,66,-2,900
Psychology,Arts & Humanities,8,66.8,66,-2,900
Psychology,Arts & Humanities,12,87.9,66,-2,900
Psychology,Arts & Humanities,1,47.9,66,-2,900
Psychology,Arts & Humanities,15,93.0,66,-2,900
Psychology,Arts & Humanities,0,45.4,66,-2,900
Psychology,Arts & Humanities,3,63.3,66,-2,900
Psychology,Arts & Humanities,1,63.3,66,-2,900
Psychology,Arts & Humanities,8,71.0,66,-2,900
Psychology,Arts & Humanities,17,83.3,66,-2,900
Psychology,Arts & Humanities,2,61.6,66,-2,900
Psychology,Arts & Humanities,7,54.6,66,-2,900
Psychology,Arts & Humanities,0,45.4,66,-2,900
Psychology,Arts & Humanities,2,57.8,66,-2,900
Psychology,Arts & Humanities,12,64.0,66,-2,900
Psychology,Arts & Humanities,9,71.5,66,-2,900
Psychology,Arts & Humanities,13,82.8,66,-2,900
Psychology,Arts & Humanities,1,49.0,66,-2,900
Psychology,Arts & Humanities,16,86.2,66,-2,900
Psychology,Arts & Humanities,2,45.0,66,-2,900
Psychology,Arts & Humanities,14,88.3,66,-2,900
Psychology,Arts & Humanities,19,93.3,66,-2,900
Psychology,Arts & Humanities,10,84.3,66,-2,900
Psychology,Arts & Humanities,15,81.1,66,-2,900
Psychology,Arts & Humanities,14,79.5,66,-2,900
Psychology,Arts & Humanities,11,72.8,66,-2,900
Psychology,Arts & Humanities,9,75.9,66,-2,900
Psychology,Arts & Humanities,1,55.2,66,-2,900
Psychology,Arts & Humanities,4,65.8,66,-2,900
Psychology,Arts & Humanities,6,57.1,66,-2,900
Psychology,Arts & Humanities,19,103.1,66,-2,900
Psychology,Arts & Humanities,15,100.9,66,-2,900
Psychology,Arts & Humanities,10,77.7,66,-2,900
Psychology,Arts & Humanities,3,71.4,66,-2,900
Psychology,Arts & Humanities,14,87.2,66,-2,900
Psychology,Arts & Humanities,7,81.0,66,-2,900
Psychology,Arts & Humanities,0,35.6,66,-2,900
Psychology,Arts & Humanities,12,84.3,66,-2,900
Psychology,Arts & Humanities,3,57.9,66,-2,900
Psychology,Arts & Humanities,1,55.0,66,-2,900
Psychology,Arts & Humanities,1,63.9,66,-2,900
Psychology,Arts & Humanities,11,74.6,66,-2,900
Psychology,Arts & Humanities,3,59.8,66,-2,900
Psychology,Arts & Humanities,8,68.4,66,-2,900
Psychology,Arts & Humanities,16,82.7,66,-2,900
Psychology,Arts & Humanities,9,65.7,66,-2,900
Psychology,Arts & Humanities,9,61.4,66,-2,900
Psychology,Arts & Humanities,12,70.5,66,-2,900
Psychology,Arts & Humanities,7,55.1,66,-2,900
Psychology,Arts & Humanities,10,85.6,66,-2,900
Psychology,Arts & Humanities,10,82.9,66,-2,900
Psychology,Arts & Humanities,14,75.8,66,-2,900
Psychology,Arts & Humanities,8,76.9,66,-2,900
Psychology,Arts & Humanities,17,99.4,66,-2,900
Psychology,Arts & Humanities,4,45.4,66,-2,900
Psychology,Arts & Humanities,0,47.9,66,-2,900
Psychology,Arts & Humanities,17,98.8,66,-2,900
Psychology,Arts & Humanities,13,74.2,66,-2,900
Psychology,Arts & Humanities,4,63.2,66,-2,900
Psychology,Arts & Humanities,17,92.0,66,-2,900
Psychology,Arts & Humanities,13,62.8,66,-2,900
Psychology,Arts & Humanities,2,65.3,66,-2,900
Psychology,Arts & Humanities,5,49.1,66,-2,900
Psychology,Arts & Humanities,10,70.9,66,-2,900
Psychology,Arts & Humanities,11,79.1,66,-2,900
Psychology,Arts & Humanities,11,78.5,66,-2,900
Psychology,Arts & Humanities,5,62.8,66,-2,900
Psychology,Arts & Humanities,15,78.9,66,-2,900
Psychology,Arts & Humanities,11,72.1,66,-2,900
Psychology,Arts & Humanities,18,80.1,66,-2,900
Psychology,Arts & Humanities,5,61.8,66,-2,900
Psychology,Arts & Humanities,3,55.8,66,-2,900
Psychology,Arts & Humanities,11,78.9,66,-2,900
Psychology,Arts & Humanities,7,65.7,66,-2,900
Psychology,Arts & Humanities,12,81.3,66,-2,900
Psychology,Arts & Humanities,3,59.7,66,-2,900
Psychology,Arts & Humanities,14,81.1,66,-2,900
Psychology,Arts & Humanities,16,75.6,66,-2,900
Psychology,Arts & Humanities,19,107.4,66,-2,900
Psychology,Arts & Humanities,11,78.3,66,-2,900
Psychology,Arts & Humanities,8,71.7,66,-2,900
Psychology,Arts & Humanities,9,74.9,66,-2,900
Psychology,Arts & Humanities,10,73.5,66,-2,900
Psychology,Arts & Humanities,15,74.9,66,-2,900
Psychology,Arts & Humanities,4,53.5,66,-2,900
Psychology,Arts & Humanities,11,63.8,66,-2,900
Psychology,Arts & Humanities,12,77.9,66,-2,900
Psychology,Arts & Humanities,6,67.9,66,-2,900
Psychology,Arts & Humanities,16,82.2,66,-2,900
Psychology,Arts & Humanities,2,54.9,66,-2,900
Psychology,Arts & Humanities,2,53.8,66,-2,900
Psychology,Arts & Humanities,13,85.2,66,-2,900
Psychology,Arts & Humanities,16,82.5,66,-2,900
Psychology,Arts & Humanities,19,101.8,66,-2,900
Psychology,Arts & Humanities,17,80.8,66,-2,900
Psychology,Arts & Humanities,12,83.8,66,-2,900
Psychology,Arts & Humanities,19,95.6,66,-2,900
Psychology,Arts & Humanities,10,65.4,66,-2,900
Psychology,Arts & Humanities,8,69.7,66,-2,900
Psychology,Arts & Humanities,12,76.5,66,-2,900
Psychology,Arts & Humanities,8,68.8,66,-2,900
Psychology,Arts & Humanities,10,77.7,66,-2,900
Psychology,Arts & Humanities,18,78.4,66,-2,900
Psychology,Arts & Humanities,18,86.9,66,-2,900
Psychology,Arts & Humanities,18,91.3,66,-2,900
Psychology,Arts & Humanities,6,54.1,66,-2,900
Psychology,Arts & Humanities,7,76.9,66,-2,900
Psychology,Arts & Humanities,9,66.2,66,-2,900
Psychology,Arts & Humanities,19,83.9,66,-2,900
Psychology,Arts & Humanities,7,65.4,66,-2,900
Psychology,Arts & Humanities,8,74.0,66,-2,900
Psychology,Arts & Humanities,13,67.5,66,-2,900
Psychology,Arts & Humanities,13,80.6,66,-2,900
Psychology,Arts & Humanities,2,58.7,66,-2,900
Psychology,Arts & Humanities,14,86.5,66,-2,900
Psychology,Arts & Humanities,3,58.7,66,-2,900
Psychology,Arts & Humanities,1,45.3,66,-2,900
Psychology,Arts & Humanities,3,65.2,66,-2,900
Psychology,Arts & Humanities,2,30.0,66,-2,900
Psychology,Arts & Humanities,19,105.5,66,-2,900
Psychology,Arts & Humanities,12,83.5,66,-2,900
Psychology,Arts & Humanities,4,37.5,66,-2,900
Psychology,Arts & Humanities,9,65.8,66,-2,900
Psychology,Arts & Humanities,19,90.8,66,-2,900
English Literature,Arts & Humanities,18,95.9,60,-8,450
English Literature,Arts & Humanities,3,42.2,60,-8,450
English Literature,Arts & Humanities,14,88.9,60,-8,450
English Literature,Arts & Humanities,17,80.7,60,-8,450
English Literature,Arts & Humanities,4,58.9,60,-8,450
English Literature,Arts & Humanities,13,79.1,60,-8,450
English Literature,Arts & Humanities,15,91.2,60,-8,450
English Literature,Arts & Humanities,16,68.2,60,-8,450
English Literature,Arts & Humanities,15,80.2,60,-8,450
English Literature,Arts & Humanities,9,58.0,60,-8,450
English Literature,Arts & Humanities,1,47.8,60,-8,450
English Literature,Arts & Humanities,10,78.2,60,-8,450
English Literature,Arts & Humanities,9,46.6,60,-8,450
English Literature,Arts & Humanities,15,77.1,60,-8,450
English Literature,Arts & Humanities,19,82.1,60,-8,450
English Literature,Arts & Humanities,4,54.6,60,-8,450
English Literature,Arts & Humanities,5,60.2,60,-8,450
English Literature,Arts & Humanities,18,94.7,60,-8,450
English Literature,Arts & Humanities,3,49.1,60,-8,450
English Literature,Arts & Humanities,1,48.1,60,-8,450
English Literature,Arts & Humanities,7,57.3,60,-8,450
English Literature,Arts & Humanities,6,58.8,60,-8,450
English Literature,Arts & Humanities,16,79.1,60,-8,450
English Literature,Arts & Humanities,19,85.8,60,-8,450
English Literature,Arts & Humanities,19,95.4,60,-8,450
English Literature,Arts & Humanities,12,81.1,60,-8,450
English Literature,Arts & Humanities,0,40.5,60,-8,450
English Literature,Arts & Humanities,3,33.8,60,-8,450
English Literature,Arts & Humanities,3,47.1,60,-8,450
English Literature,Arts & Humanities,19,88.9,60,-8,450
English Literature,Arts & Humanities,2,46.5,60,-8,450
English Literature,Arts & Humanities,3,53.1,60,-8,450
English Literature,Arts & Humanities,18,89.5,60,-8,450
English Literature,Arts & Humanities,7,74.2,60,-8,450
English Literature,Arts & Humanities,18,72.8,60,-8,450
English Literature,Arts & Humanities,15,74.3,60,-8,450
English Literature,Arts & Humanities,5,57.9,60,-8,450
English Literature,Arts & Humanities,19,87.1,60,-8,450
English Literature,Arts & Humanities,3,37.6,60,-8,450
English Literature,Arts & Humanities,18,95.1,60,-8,450
English Literature,Arts & Humanities,4,50.4,60,-8,450
English Literature,Arts & Humanities,2,43.2,60,-8,450
English Literature,Arts & Humanities,17,85.1,60,-8,450
English Literature,Arts & Humanities,10,61.9,60,-8,450
English Literature,Arts & Humanities,4,62.0,60,-8,450
English Literature,Arts & Humanities,0,30.0,60,-8,450
English Literature,Arts & Humanities,4,47.0,60,-8,450
English Literature,Arts & Humanities,0,54.3,60,-8,450
English Literature,Arts & Humanities,17,99.0,60,-8,450
English Literature,Arts & Humanities,4,46.7,60,-8,450
English Literature,Arts & Humanities,1,40.5,60,-8,450
English Literature,Arts & Humanities,0,32.0,60,-8,450
English Literature,Arts & Humanities,12,77.6,60,-8,450
English Literature,Arts & Humanities,13,81.3,60,-8,450
English Literature,Arts & Humanities,18,90.8,60,-8,450
English Literature,Arts & Humanities,19,100.2,60,-8,450
English Literature,Arts & Humanities,17,84.3,60,-8,450
English Literature,Arts & Humanities,9,62.4,60,-8,450
English Literature,Arts & Humanities,16,82.9,60,-8,450
English Literature,Arts & Humanities,8,54.5,60,-8,450
English Literature,Arts & Humanities,4,54.7,60,-8,450
English Literature,Arts & Humanities,16,71.7,60,-8,450
English Literature,Arts & Humanities,16,70.0,60,-8,450
English Literature,Arts & Humanities,9,59.3,60,-8,450
English Literature,Arts & Humanities,1,30.5,60,-8,450
English Literature,Arts & Humanities,9,63.5,60,-8,450
English Literature,Arts & Humanities,5,55.2,60,-8,450
English Literature,Arts & Humanities,6,60.2,60,-8,450
English Literature,Arts & Humanities,14,76.3,60,-8,450
English Literature,Arts & Humanities,19,91.0,60,-8,450
English Literature,Arts & Humanities,11,62.4,60,-8,450
English Literature,Arts & Humanities,1,43.8,60,-8,450
English Literature,Arts & Humanities,1,37.3,60,-8,450
English Literature,Arts & Humanities,9,76.1,60,-8,450
English Literature,Arts & Humanities,8,68.6,60,-8,450
English Literature,Arts & Humanities,8,74.3,60,-8,450
English Literature,Arts & Humanities,3,66.7,60,-8,450
English Literature,Arts & Humanities,18,79.2,60,-8,450
English Literature,Arts & Humanities,15,67.9,60,-8,450
English Literature,Arts & Humanities,12,83.4,60,-8,450
English Literature,Arts & Humanities,0,42.4,60,-8,450
English Literature,Arts & Humanities,16,80.0,60,-8,450
Physics,Science,3,101.6,78,18,1100
Physics,Science,5,112.2,78,18,1100
Physics,Science,15,125.3,78,18,1100
Physics,Science,17,147.3,78,18,1100
Physics,Science,2,95.8,78,18,1100
Physics,Science,3,97.9,78,18,1100
Physics,Science,8,110.1,78,18,1100
Physics,Science,8,95.8,78,18,1100
Physics,Science,9,102.8,78,18,1100
Physics,Science,6,108.2,78,18,1100
Physics,Science,16,120.2,78,18,1100
Physics,Science,0,73.0,78,18,1100
Physics,Science,10,99.2,78,18,1100
Physics,Science,9,120.7,78,18,1100
Physics,Science,17,134.5,78,18,1100
Physics,Science,12,121.8,78,18,1100
Physics,Science,13,123.1,78,18,1100
Physics,Science,13,100.6,78,18,1100
Physics,Science,7,104.0,78,18,1100
Physics,Science,8,103.0,78,18,1100
Physics,Science,5,95.7,78,18,1100
Physics,Science,0,96.6,78,18,1100
Physics,Science,4,106.9,78,18,1100
Physics,Science,1,95.6,78,18,1100
Physics,Science,10,121.4,78,18,1100
Physics,Science,7,109.0,78,18,1100
Physics,Science,3,86.3,78,18,1100
Physics,Science,14,123.9,78,18,1100
Physics,Science,17,126.1,78,18,1100
Physics,Science,10,119.9,78,18,1100
Physics,Science,12,118.2,78,18,1100
Physics,Science,10,97.6,78,18,1100
Physics,Science,3,90.1,78,18,1100
Physics,Science,2,85.8,78,18,1100
Physics,Science,13,120.3,78,18,1100
Physics,Science,5,99.3,78,18,1100
Physics,Science,5,100.8,78,18,1100
Physics,Science,16,120.0,78,18,1100
Physics,Science,9,117.0,78,18,1100
Physics,Science,18,137.4,78,18,1100
Physics,Science,2,92.2,78,18,1100
Physics,Science,9,116.7,78,18,1100
Physics,Science,19,136.4,78,18,1100
Physics,Science,13,121.5,78,18,1100
Physics,Science,4,88.8,78,18,1100
Physics,Science,9,99.6,78,18,1100
Physics,Science,6,97.1,78,18,1100
Physics,Science,8,99.3,78,18,1100
Physics,Science,5,101.9,78,18,1100
Physics,Science,8,131.9,78,18,1100
Physics,Science,4,105.4,78,18,1100
Physics,Science,15,129.4,78,18,1100
Physics,Science,2,91.3,78,18,1100
Physics,Science,8,107.7,78,18,1100
Physics,Science,14,115.1,78,18,1100
Physics,Science,13,124.8,78,18,1100
Physics,Science,19,132.2,78,18,1100
Physics,Science,16,125.6,78,18,1100
Physics,Science,7,106.3,78,18,1100
Physics,Science,11,124.5,78,18,1100
Physics,Science,17,133.5,78,18,1100
Physics,Science,16,113.3,78,18,1100
Physics,Science,10,117.6,78,18,1100
Physics,Science,9,113.3,78,18,1100
Physics,Science,14,121.3,78,18,1100
Physics,Science,8,105.5,78,18,1100
Physics,Science,9,99.2,78,18,1100
Physics,Science,14,127.8,78,18,1100
Physics,Science,18,142.6,78,18,1100
Physics,Science,7,99.2,78,18,1100
Physics,Science,10,96.3,78,18,1100
Physics,Science,0,99.3,78,18,1100
Physics,Science,18,126.2,78,18,1100
Physics,Science,9,124.3,78,18,1100
Physics,Science,0,83.1,78,18,1100
Physics,Science,12,109.5,78,18,1100
Physics,Science,0,92.4,78,18,1100
Physics,Science,12,135.8,78,18,1100
Physics,Science,15,118.1,78,18,1100
Physics,Science,6,105.0,78,18,1100
Physics,Science,16,124.2,78,18,1100
Physics,Science,16,117.7,78,18,1100
Physics,Science,2,93.3,78,18,1100
Physics,Science,0,76.4,78,18,1100
Physics,Science,16,136.2,78,18,1100
Physics,Science,2,95.6,78,18,1100
Physics,Science,14,120.9,78,18,1100
Physics,Science,15,128.4,78,18,1100
Mathematics,Science,8,114.0,80,22,1600
Mathematics,Science,15,122.6,80,22,1600
Mathematics,Science,8,87.3,80,22,1600
Mathematics,Science,8,102.5,80,22,1600
Mathematics,Science,6,88.4,80,22,1600
Mathematics,Science,1,84.9,80,22,1600
Mathematics,Science,8,103.3,80,22,1600
Mathematics,Science,13,124.7,80,22,1600
Mathematics,Science,7,90.8,80,22,1600
Mathematics,Science,7,100.8,80,22,1600
Mathematics,Science,3,92.7,80,22,1600
Mathematics,Science,16,133.4,80,22,1600
Mathematics,Science,12,120.3,80,22,1600
Mathematics,Science,14,95.7,80,22,1600
Mathematics,Science,19,122.9,80,22,1600
Mathematics,Science,13,111.0,80,22,1600
Mathematics,Science,7,100.0,80,22,1600
Mathematics,Science,19,126.6,80,22,1600
Mathematics,Science,10,119.3,80,22,1600
Mathematics,Science,10,116.7,80,22,1600
Mathematics,Science,1,84.8,80,22,1600
Mathematics,Science,1,103.4,80,22,1600
Mathematics,Science,14,119.8,80,22,1600
Mathematics,Science,8,99.4,80,22,1600
Mathematics,Science,4,76.7,80,22,1600
Mathematics,Science,19,133.9,80,22,1600
Mathematics,Science,16,117.6,80,22,1600
Mathematics,Science,8,116.1,80,22,1600
Mathematics,Science,5,99.3,80,22,1600
Mathematics,Science,2,90.7,80,22,1600
Mathematics,Science,3,92.6,80,22,1600
Mathematics,Science,9,115.8,80,22,1600
Mathematics,Science,11,126.0,80,22,1600
Mathematics,Science,15,119.8,80,22,1600
Mathematics,Science,7,91.5,80,22,1600
Mathematics,Science,12,116.8,80,22,1600
Mathematics,Science,1,93.3,80,22,1600
Mathematics,Science,11,110.2,80,22,1600
Mathematics,Science,10,101.7,80,22,1600
Mathematics,Science,17,138.7,80,22,1600
Mathematics,Science,16,131.4,80,22,1600
Mathematics,Science,14,110.2,80,22,1600
Mathematics,Science,2,90.4,80,22,1600
Mathematics,Science,0,88.4,80,22,1600
Mathematics,Science,12,112.8,80,22,1600
Mathematics,Science,13,126.8,80,22,1600
Mathematics,Science,12,122.3,80,22,1600
Mathematics,Science,9,110.5,80,22,1600
Mathematics,Science,6,103.9,80,22,1600
Mathematics,Science,5,100.7,80,22,1600
Mathematics,Science,19,137.4,80,22,1600
Mathematics,Science,0,90.5,80,22,1600
Mathematics,Science,7,104.3,80,22,1600
Mathematics,Science,13,104.0,80,22,1600
Mathematics,Science,17,123.7,80,22,1600
Mathematics,Science,13,127.9,80,22,1600
Mathematics,Science,7,98.0,80,22,1600
Mathematics,Science,12,127.1,80,22,1600
Mathematics,Science,5,98.4,80,22,1600
Mathematics,Science,0,80.9,80,22,1600
Mathematics,Science,5,105.8,80,22,1600
Mathematics,Science,9,100.0,80,22,1600
Mathematics,Science,2,88.2,80,22,1600
Mathematics,Science,16,120.0,80,22,1600
Mathematics,Science,2,88.7,80,22,1600
Mathematics,Science,18,127.9,80,22,1600
Mathematics,Science,10,100.7,80,22,1600
Mathematics,Science,14,127.9,80,22,1600
Mathematics,Science,10,95.0,80,22,1600
Mathematics,Science,18,116.8,80,22,1600
Mathematics,Science,3,105.7,80,22,1600
Mathematics,Science,10,105.1,80,22,1600
Mathematics,Science,19,139.9,80,22,1600
Mathematics,Science,10,110.6,80,22,1600
Mathematics,Science,13,127.6,80,22,1600
Mathematics,Science,4,81.9,80,22,1600
Mathematics,Science,18,126.6,80,22,1600
Mathematics,Science,16,100.6,80,22,1600
Mathematics,Science,9,112.0,80,22,1600
Mathematics,Science,10,121.8,80,22,1600
Mathematics,Science,10,105.5,80,22,1600
Mathematics,Science,17,135.0,80,22,1600
Mathematics,Science,10,109.0,80,22,1600
Mathematics,Science,8,93.8,80,22,1600
Mathematics,Science,8,104.8,80,22,1600
Mathematics,Science,0,78.0,80,22,1600
Mathematics,Science,6,89.4,80,22,1600
Mathematics,Science,11,114.5,80,22,1600
Mathematics,Science,17,134.1,80,22,1600
Mathematics,Science,13,120.3,80,22,1600
Mathematics,Science,17,138.9,80,22,1600
Mathematics,Science,11,118.3,80,22,1600
Mathematics,Science,7,93.7,80,22,1600
Mathematics,Science,12,138.5,80,22,1600
Mathematics,Science,12,123.5,80,22,1600
Mathematics,Science,1,88.9,80,22,1600
Mathematics,Science,3,92.9,80,22,1600
Mathematics,Science,11,109.1,80,22,1600
Mathematics,Science,7,114.5,80,22,1600
Mathematics,Science,7,107.5,80,22,1600
Mathematics,Science,16,131.5,80,22,1600
Mathematics,Science,15,123.6,80,22,1600
Mathematics,Science,13,107.5,80,22,1600
Mathematics,Science,12,119.0,80,22,1600
